unit_en,district,crimes,id
112nd-missile-brigade,Западный военный округ,False,Западный военный округ
Management-of-the-9th-Anti-Prace-Defense-Division,Западный военный округ,False,Западный военный округ.1-ша армія протиповітряної оборони
210th-Grain-Missile-Regiment,Западный военный округ,False,Западный военный округ.1-ша армія протиповітряної оборони.4-та дивізія ППО
210th-Grain-Missile-Regiment,Западный военный округ,False,Западный военный округ.1-ша армія протиповітряної оборони.4-та дивізія ППО.210-й зернітний ракетний полк
25th-radio-technical-regiment,Западный военный округ,False,Западный военный округ.1-ша армія протиповітряної оборони.4-та дивізія ППО.25-й радіотехнічний полк
584th-Guards-anti-aircraft-missile-regiment,Западный военный округ,False,Западный военный округ.1-ша армія протиповітряної оборони.4-та дивізія ППО.584-й гвардійський зенітний ракетний полк
612th-Guards-anti-aircraft-missile-regiment,Западный военный округ,False,Западный военный округ.1-ша армія протиповітряної оборони.4-та дивізія ППО.612-й гвардійський зенітний ракетний полк
93rd-Guards-Anti-aircraft-Missile-Regiment,Западный военный округ,False,Западный военный округ.1-ша армія протиповітряної оборони.4-та дивізія ППО.93-й гвардійський зенітний ракетний полк
Management-of-the-4th-Air-Defense-Division,Западный военный округ,False,Западный военный округ.1-ша армія протиповітряної оборони.4-та дивізія ППО.Управління 4-ї дивізії ППО
Management-of-the-5th-Air-Defense-Division,Западный военный округ,False,Западный военный округ.1-ша армія протиповітряної оборони.5-та дивізія ППО
549th-anti-aircraft-missile-regiment,Западный военный округ,False,Западный военный округ.1-ша армія протиповітряної оборони.5-та дивізія ППО.549-й зенітний ракетний полк
606th-Guards-anti-aircraft-missile-regiment,Западный военный округ,False,Западный военный округ.1-ша армія протиповітряної оборони.5-та дивізія ППО.606-й гвардійський зенітний ракетнйи полк
614th-Guards-anti-aircraft-missile-regiment,Западный военный округ,False,Западный военный округ.1-ша армія протиповітряної оборони.5-та дивізія ППО.614-й гвардійський зенітний ракетнйи полк
629th-Guards-anti-aircraft-missile-regiment,Западный военный округ,False,Западный военный округ.1-ша армія протиповітряної оборони.5-та дивізія ППО.629-й гвардійський зенітний ракетнйи полк
9th-radio-technical-regiment,Западный военный округ,False,Западный военный округ.1-ша армія протиповітряної оборони.5-та дивізія ППО.9-й радіотехнічний полк
Management-of-the-5th-Air-Defense-Division,Западный военный округ,False,Западный военный округ.1-ша армія протиповітряної оборони.5-та дивізія ППО.Управління 5-ї дивізії ППО
1876-​​and-technical-base,Западный военный округ,False,Западный военный округ.1-ша армія протиповітряної оборони.9-та протиракетна дивізія
1876-​​and-technical-base,Западный военный округ,False,Западный военный округ.1-ша армія протиповітряної оборони.9-та протиракетна дивізія.1876-та технічна база
34th-Regiment-of-Communication,Западный военный округ,False,Западный военный округ.1-ша армія протиповітряної оборони.9-та протиракетна дивізія.34-й полк зв'язку
Management-of-the-9th-Anti-Prace-Defense-Division,Западный военный округ,False,Западный военный округ.1-ша армія протиповітряної оборони.9-та протиракетна дивізія.Управління 9-ї дивізії протиракетної оборони
Management-of-the-1st-Army,Западный военный округ,False,Западный военный округ.1-ша армія протиповітряної оборони.Управління 1-ї армії
423th-Guards-Motorized-Rifle-Regiment,Западный военный округ,Yes,Западный военный округ.1-ша гвардійська танкова армія
147th-artillery-self-propelled-regiment,Западный военный округ,False,Западный военный округ.1-ша гвардійська танкова армія.2-га гвардійська мотострілецька дивізія
1st-Guards-Motorized-Rifle-Regiment,Западный военный округ,Yes,Западный военный округ.1-ша гвардійська танкова армія.2-га гвардійська мотострілецька дивізія.1-й гвардійський мотострілецький полк
1st-Guards-Tank-Regiment,Западный военный округ,Yes,Западный военный округ.1-ша гвардійська танкова армія.2-га гвардійська мотострілецька дивізія.1-й гвардійський танковий полк
1117th-anti-aircraft-missile-regiment,Западный военный округ,False,Западный военный округ.1-ша гвардійська танкова армія.2-га гвардійська мотострілецька дивізія.1117-й зенітний ракетний полк
147th-artillery-self-propelled-regiment,Западный военный округ,False,Западный военный округ.1-ша гвардійська танкова армія.2-га гвардійська мотострілецька дивізія.147-й артилерійський самохідний полк
The-15th-Guards-Motorized-Rifle-Regiment,Западный военный округ,Yes,Западный военный округ.1-ша гвардійська танкова армія.2-га гвардійська мотострілецька дивізія.15-й гвардійський мотострілецький полк
Management-of-the-2nd-Motorial-Division,Западный военный округ,False,Западный военный округ.1-ша гвардійська танкова армія.2-га гвардійська мотострілецька дивізія.Управління 2-ї мотострілецької дивізії
538th-Guards-anti-aircraft-missile-regiment,Западный военный округ,Yes,Западный военный округ.1-ша гвардійська танкова армія.4-та гвардійська танкова дивізія
12th-Guards-Tank-Regiment,Западный военный округ,False,Западный военный округ.1-ша гвардійська танкова армія.4-та гвардійська танкова дивізія.12-й гвардійський танковий полк
13th-Guards-Tank-Regiment,Западный военный округ,Yes,Западный военный округ.1-ша гвардійська танкова армія.4-та гвардійська танкова дивізія.13-й гвардійський танковий полк
275th-Self-Product-Artillery-Regiment,Западный военный округ,False,Западный военный округ.1-ша гвардійська танкова армія.4-та гвардійська танкова дивізія.275-й самохідний артилерійський полк
423th-Guards-Motorized-Rifle-Regiment,Западный военный округ,Yes,Западный военный округ.1-ша гвардійська танкова армія.4-та гвардійська танкова дивізія.423-й гвардійський мотострілецький полк
538th-Guards-anti-aircraft-missile-regiment,Западный военный округ,Yes,Западный военный округ.1-ша гвардійська танкова армія.4-та гвардійська танкова дивізія.538-й гвардійський зенітний ракетний полк
Management-of-the-4th-Tank-Division,Западный военный округ,False,Западный военный округ.1-ша гвардійська танкова армія.4-та гвардійська танкова дивізія.Управління 4-ї танкової дивізії
26th-tank-regiment,Западный военный округ,Yes,Западный военный округ.1-ша гвардійська танкова армія.47-я гвардейская танковая дивизия
26th-tank-regiment,Западный военный округ,Yes,Западный военный округ.1-ша гвардійська танкова армія.47-я гвардейская танковая дивизия.26-й танковий полк
112nd-missile-brigade,Западный военный округ,False,Западный военный округ.1-ша гвардійська танкова армія.112-та ракетна бригада
The-20th-Regiment-of-RCB-Protection,Западный военный округ,False,Западный военный округ.1-ша гвардійська танкова армія.20-й полк РХБ захисту
27-Separate-Guards-Motorized-Rifle-Brigade,Западный военный округ,Yes,Западный военный округ.1-ша гвардійська танкова армія.27-ма окрема гвардійська мотострілецька бригада
288-artillery-brigade,Западный военный округ,Yes,Западный военный округ.1-ша гвардійська танкова армія.288-ма артилерійська бригада
49th-anti-aircraft-missile-brigade,Западный военный округ,False,Западный военный округ.1-ша гвардійська танкова армія.49-та зенітна ракетна бригада
6th-engineering-sapl,Западный военный округ,False,Западный военный округ.1-ша гвардійська танкова армія.6-й інженерно-саперний полк
60th-Management-Brigade,Западный военный округ,False,Западный военный округ.1-ша гвардійська танкова армія.60-та бригада управління
96th-Separate-Intelligence-Brigade,Западный военный округ,Yes,Западный военный округ.1-ша гвардійська танкова армія.96-та окрема розвідувальна бригада
Management-of-the-1st-Tank-Army,Западный военный округ,False,Западный военный округ.1-ша гвардійська танкова армія.Управління 1-ї танкової армії
275th-Guards-Motorized-Rifle-Regiment,Западный военный округ,False,Западный военный округ.11-й армійський корпус
The-280th-Guards-Motorized-Rifle-Regiment,Западный военный округ,False,Западный военный округ.11-й армійський корпус.18-та мотострілецька дивізія
11th-tank-regiment,Западный военный округ,False,Западный военный округ.11-й армійський корпус.18-та мотострілецька дивізія.11-й танковий полк
275th-Guards-Motorized-Rifle-Regiment,Западный военный округ,False,Западный военный округ.11-й армійський корпус.18-та мотострілецька дивізія.275-й гвардійський мотострілецький полк
The-280th-Guards-Motorized-Rifle-Regiment,Западный военный округ,False,Западный военный округ.11-й армійський корпус.18-та мотострілецька дивізія.280-й гвардійський мотострілецький полк
79th-Guards-Motorized-Rifle-Regiment,Западный военный округ,False,Западный военный округ.11-й армійський корпус.18-та мотострілецька дивізія.79-й гвардійський мотострілецький полк
152th-Guards-missile-brigade,Западный военный округ,False,Западный военный округ.11-й армійський корпус.152-га гвардійська ракетна бригада
22nd-separate-Guards-anti-aircraft-missile-regiment,Западный военный округ,False,Западный военный округ.11-й армійський корпус.22-й окремий гвардійський зенітний ракетнйи полк
244th-Artillery-Brigade,Западный военный округ,False,Западный военный округ.11-й армійський корпус.244-та артилерійська бригада
7th-Separate-Guards-Motorized-Rifle-Regiment,Западный военный округ,Yes,Западный военный округ.11-й армійський корпус.7-й окремий гвардійський мотострілецький полк
The-management-of-the-11th-Army-Corps,Западный военный округ,False,Западный военный округ.11-й армійський корпус.Управління 11-го армійського корпусу
ffff,Западный военный округ,False,Западный военный округ.15-та армія повітряно - космічних сил
59th-Guards-Tank-Regiment,Западный военный округ,False,Западный военный округ.20-та армія
ffff,Западный военный округ,False,Западный военный округ.20-та армія.144-та гвардійська мотострілецька дивізія
254th-Guards-Motorized-Rifle-Regiment,Западный военный округ,False,Западный военный округ.20-та армія.144-та гвардійська мотострілецька дивізія.254-й гвардійський мотострілецький полк
488th-Motorized-Rifle-Regiment,Западный военный округ,False,Западный военный округ.20-та армія.144-та гвардійська мотострілецька дивізія.488-й мотострілецький полк
59th-Guards-Tank-Regiment,Западный военный округ,False,Западный военный округ.20-та армія.144-та гвардійська мотострілецька дивізія.59-й гвардійський танковий полк
856th-Guards-Self-Produced-Artillery-Regiment,Западный военный округ,Yes,Западный военный округ.20-та армія.144-та гвардійська мотострілецька дивізія.856-й гвардійський самоходний артилерійський полк
Management-of-the-144th-Motorial-Division,Западный военный округ,False,Западный военный округ.20-та армія.144-та гвардійська мотострілецька дивізія.Управління 144-ї мотострілецької дивізії
237th-Panzer-Regiment,Западный военный округ,False,Западный военный округ.20-та армія.3-тя мотострілецька дивізія
237th-Panzer-Regiment,Западный военный округ,False,Западный военный округ.20-та армія.3-тя мотострілецька дивізія.237-й танковий полк
252th-Guards-Motorized-Rifle-Regiment,Западный военный округ,Yes,Западный военный округ.20-та армія.3-тя мотострілецька дивізія.252-й гвардійський мотострілецький полк
752th-Guards-Motorized-Rifle-Regiment,Западный военный округ,Yes,Западный военный округ.20-та армія.3-тя мотострілецька дивізія.752-й гвардійський мотострілецький полк
99th-Guards-Self-Propelled-Artillery-Regiment,Западный военный округ,False,Западный военный округ.20-та армія.3-тя мотострілецька дивізія.99-й гвардійський самохідний артилерійський полк
Management of the 3rd Motorial Division,Западный военный округ,False,Западный военный округ.20-та армія.3-тя мотострілецька дивізія.Управління 3-ї мотострілецької дивізії
16th-Engineering-and-Sacre-Regiment,Западный военный округ,False,Западный военный округ.20-та армія.16-й інженерно-саперний полк
236th-Artillery-Brigade,Западный военный округ,False,Западный военный округ.20-та армія.236-та артилерійська бригада
448-missile-brigade,Западный военный округ,Yes,Западный военный округ.20-та армія.448-ма ракетна бригада
53-day-anti-aircraft-missile-brigade,Западный военный округ,False,Западный военный округ.20-та армія.53-тя зенітна ракетна бригада
9th-Guards-Brigade,Западный военный округ,False,Западный военный округ.20-та армія.9-та гвардійська бригада управління
Management-of-the-20th-Army,Западный военный округ,False,Западный военный округ.20-та армія.Управління 20-ї армії
Management-of-the-2nd-Air-Defense-Division,Западный военный округ,False,Западный военный округ.6-та армія ВВс та ППО
14th-Guards-Fighter-Aviation-Regiment,Западный военный округ,False,Западный военный округ.6-та армія ВВс та ППО.105-та гвардійська змішана авіаційна дивізія
14th-Guards-Fighter-Aviation-Regiment,Западный военный округ,False,Западный военный округ.6-та армія ВВс та ППО.105-та гвардійська змішана авіаційна дивізія.14-й гвардійський винищувальний авіаційни полк
159th-Guards-Fighter-Aviation-Regiment,Западный военный округ,False,Западный военный округ.6-та армія ВВс та ППО.105-та гвардійська змішана авіаційна дивізія.159-й гвардійський винищувальний авіаційни полк
47th-Separate-Aviation-Regiment,Западный военный округ,False,Западный военный округ.6-та армія ВВс та ППО.105-та гвардійська змішана авіаційна дивізія.47-й окремий авіаційний полк
790th-Fighter-Air-Regiment,Западный военный округ,False,Западный военный округ.6-та армія ВВс та ППО.105-та гвардійська змішана авіаційна дивізія.790-й винищувальний авіаціний полк
899th-Guards-Storm-Aviation-Regiment,Западный военный округ,False,Западный военный округ.6-та армія ВВс та ППО.105-та гвардійська змішана авіаційна дивізія.899-й гвардіський штурмовий авіаційний полк
Management-of-the-105th-Aviation-Division,Западный военный округ,False,Западный военный округ.6-та армія ВВс та ППО.105-та гвардійська змішана авіаційна дивізія.Управління 105-ї авіаційної дивізії
Management-of-the-2nd-Air-Defense-Division,Западный военный округ,False,Западный военный округ.6-та армія ВВс та ППО.2-га дивізія ППО
Management-of-the-2nd-Air-Defense-Division,Западный военный округ,False,Западный военный округ.6-та армія ВВс та ППО.2-га дивізія ППО.Управління 2-ї дивізії ППО
333th-radio-technical-regiment,Западный военный округ,False,Западный военный округ.6-та армія ВВс та ППО.32-га дивізія ППО
108th-anti-aircraft-missile-regiment,Западный военный округ,False,Западный военный округ.6-та армія ВВс та ППО.32-га дивізія ППО.108-й зенітний ракетнйи полк
333th-radio-technical-regiment,Западный военный округ,False,Западный военный округ.6-та армія ВВс та ППО.32-га дивізія ППО.333-й радіотехнічний полк
335th-radio-technical-regiment,Западный военный округ,False,Западный военный округ.6-та армія ВВс та ППО.32-га дивізія ППО.335-й радіотехнічний полк
336th-radio-technical-regiment,Западный военный округ,False,Западный военный округ.6-та армія ВВс та ППО.32-га дивізія ППО.336-й радіотехнічний полк
337th-radio-technical-regiment,Западный военный округ,False,Западный военный округ.6-та армія ВВс та ППО.32-га дивізія ППО.337-й радіотехнічний полк
42nd-Guards-Anti-aircraft-Missile-Regiment,Западный военный округ,False,Западный военный округ.6-та армія ВВс та ППО.32-га дивізія ППО.42-й гвардійський зенітний ракетний полк
The-15th-Brigade-of-Maritime-Aviation,Западный военный округ,False,Западный военный округ.6-та армія ВВс та ППО.15-та бригада морської авіації
332th-Separate-Guards-Helicopter-Regiment,Западный военный округ,False,Западный военный округ.6-та армія ВВс та ППО.332-й окремий гвардійський вертольотний полк
333th-radio-technical-regiment,Западный военный округ,False,Западный военный округ.6-та армія ВВс та ППО.333-й радіотехнічний полк
440th-separate-helicopter-regiment,Западный военный округ,False,Западный военный округ.6-та армія ВВс та ППО.440-й окремий вертольотний полк
ffff,Западный военный округ,False,Западный военный округ.6-та загальновійськова армія
138-Separate-Guards-Motorized-Rifle-Brigade,Западный военный округ,Yes,Западный военный округ.6-та загальновійськова армія.138-ма окрема гвардійська мотострілецька бригада
The-25th-Separate-Guards-Motorized-Rifle-Brigade,Западный военный округ,Yes,Западный военный округ.6-та загальновійськова армія.25-та окрема гвардійська мотострілецька бригада
26th-missile-brigade,Западный военный округ,False,Западный военный округ.6-та загальновійськова армія.26-та ракетна бригада
30th-engineering-sapper-regiment,Западный военный округ,False,Западный военный округ.6-та загальновійськова армія.30-й інженерно-саперний полк
The-5th-anti-aircraft-missile-brigade,Западный военный округ,False,Западный военный округ.6-та загальновійськова армія.5-та зенітна ракетна бригада
6th-Separate-Regiment-of-RCB-Protection,Западный военный округ,False,Западный военный округ.6-та загальновійськова армія.6-й окремий полк РХБ захисту
95th-Management-Brigade,Западный военный округ,False,Западный военный округ.6-та загальновійськова армія.95-та бригада управління
9t-artillery-brigade,Западный военный округ,False,Западный военный округ.6-та загальновійськова армія.9та артилерійська бригада
Management-of-the-6th-Army,Западный военный округ,False,Западный военный округ.6-та загальновійськова армія.Управління 6-ї армії
51st-Guards-Parachut-Destant-Regiment,Западный военный округ,False,Западный военный округ.106-та гвардійська повітряно десантна дивізія
1st-Guards-anti-aircraft-rocket-regiment,Западный военный округ,False,Западный военный округ.106-та гвардійська повітряно десантна дивізія.1-й гвардійський зенітно-ракетний полк
1182th-Garvary-Artillery-Regiment,Западный военный округ,False,Западный военный округ.106-та гвардійська повітряно десантна дивізія.1182-й гварійський артилерійський полк
137th-Guards-Parachut-Destant-Regiment,Западный военный округ,False,Западный военный округ.106-та гвардійська повітряно десантна дивізія.137-й гвардійський парашутно-десантний полк
51st-Guards-Parachut-Destant-Regiment,Западный военный округ,False,Западный военный округ.106-та гвардійська повітряно десантна дивізія.51-й гвардійський парашутно-десантний полк
Management-of-the-106th-Airborne-Division,Западный военный округ,False,Западный военный округ.106-та гвардійська повітряно десантна дивізія.Управління 106-ї повітняно-десантної дивізії
556th-Military-Transport-Aviation-Regiment,Западный военный округ,Yes,Западный военный округ.12-та військово-транспортна авіаційна дивізія
117th-Military-Transport-Aviation-Regiment,Западный военный округ,Yes,Западный военный округ.12-та військово-транспортна авіаційна дивізія.117-й військово-транспортний авіаційний полк
196th-Military-Transport-Aviation-Regiment,Западный военный округ,Yes,Западный военный округ.12-та військово-транспортна авіаційна дивізія.196-й військово-транспортний авіаційний полк
556th-Military-Transport-Aviation-Regiment,Западный военный округ,Yes,Западный военный округ.12-та військово-транспортна авіаційна дивізія.556-й військово-транспортний авіаційний полк
76th-Separate-Military-Transport-Aviation-Brigade,Западный военный округ,False,Западный военный округ.12-та військово-транспортна авіаційна дивізія.76-та окрема військово транспортна авіаційна бригада
81st-Military-Transport-Aviation-Regiment,Западный военный округ,False,Западный военный округ.12-та військово-транспортна авіаційна дивізія.81-й військово-транспортний авіаційний полк
96th-Guards-Military-Transport-Aviation-Regiment,Западный военный округ,False,Западный военный округ.12-та військово-транспортна авіаційна дивізія.96-й гвардійський військово транспортний авіаційни полк
ffff,Западный военный округ,False,Западный военный округ.22-га гвардійська важка бомбардирувальна авіаційна дивізія
The-121st-Guards-Heavy-Bombardment-Aviation-Regiment,Западный военный округ,Yes,Западный военный округ.22-га гвардійська важка бомбардирувальна авіаційна дивізія.121-й гвардійський важкий бомбардирувальний авіаційний полк
184th-heavy-bombardment-Aviation-Regiment,Западный военный округ,Yes,Западный военный округ.22-га гвардійська важка бомбардирувальна авіаційна дивізія.184-й важкий бомбардирувальний авіаційний полк
40th-Aviation-Regiment,Западный военный округ,False,Западный военный округ.22-га гвардійська важка бомбардирувальна авіаційна дивізія.40-й авіаційни полк
52nd-Guards-heavy-bombardment-Aviation-Regiment,Западный военный округ,False,Западный военный округ.22-га гвардійська важка бомбардирувальна авіаційна дивізія.52-й гвардійський важкий бомбардирувальний авіаційний полк
1545th-anti-aircraft-missile-regiment,Западный военный округ,False,Западный военный округ.44-та дивізія ПВО
1545th-anti-aircraft-missile-regiment,Западный военный округ,False,Западный военный округ.44-та дивізія ПВО.1545-й зенітний ракетний полк
183th-Guards-Anti-aircraft-Missile-Regiment,Западный военный округ,False,Западный военный округ.44-та дивізія ПВО.183-й гвардійський зенітний ракетний полк
81st-Radio-Engineering-Regiment,Западный военный округ,False,Западный военный округ.44-та дивізія ПВО.81-й радіотехнічнйи полк
237th-Guards-Airborne-Outstone-Regiment,Западный военный округ,False,Западный военный округ.76-та гвардійська десантно-штурмова дивізія
104th-Guards-Airborne-Outstone-Regiment,Западный военный округ,False,Западный военный округ.76-та гвардійська десантно-штурмова дивізія.104-й гвардійський десантно-штурмовий полк
1140th-Guards-Artillery-Regiment,Западный военный округ,False,Западный военный округ.76-та гвардійська десантно-штурмова дивізія.1140-й гвардійський артилерійський полк
234th-Guards-Airborne-Outstone-Regiment,Западный военный округ,Yes,Западный военный округ.76-та гвардійська десантно-штурмова дивізія.234-й гвардійський десантно-штурмовий полк
237th-Guards-Airborne-Outstone-Regiment,Западный военный округ,False,Западный военный округ.76-та гвардійська десантно-штурмова дивізія.237-й гвардійський десантно-штурмовий полк
3rd-Guards-Anti-aircraft-Missile-Regiment,Западный военный округ,False,Западный военный округ.76-та гвардійська десантно-штурмова дивізія.3-й гвардійський зенітний ракетний полк
Management-of-the-76th-Airborne-Assault-Division,Западный военный округ,False,Западный военный округ.76-та гвардійська десантно-штурмова дивізія.Управління 76-ї десантно-штурмової дивізії
Management-of-the-98th-Airborne-Division,Западный военный округ,False,Западный военный округ.98-ма повітряно-десантна дивізія
1065-Guards-Artillery-Regiment,Западный военный округ,False,Западный военный округ.98-ма повітряно-десантна дивізія.1065-й гвардійський артилерійський полк
217th-Guards-Parachut-Destant-Regiment,Западный военный округ,False,Западный военный округ.98-ма повітряно-десантна дивізія.217-й гвардійський парашутно-десантний полк
331th-Guards-Parachut-Destanti,Западный военный округ,False,Западный военный округ.98-ма повітряно-десантна дивізія.331-й гвардійський парашутно-десантнйи ударний полк
5th-Guards-anti-aircraft-missile-regiment,Западный военный округ,False,Западный военный округ.98-ма повітряно-десантна дивізія.5-й гвардійський зенітний ракетний полк
Management-of-the-98th-Airborne-Division,Западный военный округ,False,Западный военный округ.98-ма повітряно-десантна дивізія.Управління 98-ї повітняно-десантної дивізії
1st-Separate-Rifle-Regiment,Западный военный округ,False,Западный военный округ.1-й окремий стрілецький полк
1st-management-brigade,Западный военный округ,False,Западный военный округ.1-ша бригада управління
1st-Guards-Separate-Engineering-Brigade,Западный военный округ,False,Западный военный округ.1-ша гвардійська окрема інженерно-саперна бригада
100th-Regiment-of-Security,Западный военный округ,False,Западный военный округ.100-й полк забезпечення
132th-communication-brigade,Западный военный округ,False,Западный военный округ.132-га бригада зв'язку
15th-Separate-Brigade,Западный военный округ,False,Западный военный округ.15-та окрема бригада РЄБ
152th-Separate-MTO-Brigade,Западный военный округ,False,Западный военный округ.152-га окрема бригада МТО
154th-separate-regiment,Западный военный округ,False,Западный военный округ.154-й окремий полк
16th-Separate-Brigade,Западный военный округ,False,Западный военный округ.16-та окрема бригада РЄБ
16th-Special-Guards-Brigade-of-Special-Purpose,Западный военный округ,False,Западный военный округ.16-та окрема гвардійська бригада спеціального призначення
2nd-separate-special-purpose-team,Западный военный округ,False,Западный военный округ.2-га окрема бригада спеціального призначення
The-200th-anti-aircraft-missile-brigade,Западный военный округ,False,Западный военный округ.200-та зенітна ракетна бригада
203th-Separate-Guards-Aviyai-Regiment,Западный военный округ,False,Западный военный округ.203-й окремий гвардійський авійаціний полк
27-Separate-Coast-Missile-Brigade,Западный военный округ,False,Западный военный округ.27-ма окрема берегова ракетна бригада
27th-Separate-RCB-Brigade,Западный военный округ,False,Западный военный округ.27-та окрема бригада РХБ
28-Ponton-brick,Западный военный округ,Yes,Западный военный округ.28-ма понтонно-мостова бригада
29th-separate-railway-brigade,Западный военный округ,False,Западный военный округ.29-та окрема залізнична бригада
299th-training-center,Западный военный округ,False,Западный военный округ.299-й учбовий центр
334th-Military-Transport-Aviation-Regiment,Западный военный округ,False,Западный военный округ.334-й військово-транспортний авіаційни полк
336-Separate-Guards-Brigade-of-Marines,Западный военный округ,False,Западный военный округ.336-та окрема гвардійська бригада морської піхоти
34th-separate-railway-brigade,Западный военный округ,False,Западный военный округ.34-та окрема залізнична бригада
38th-Gradia-Management-Brigade,Западный военный округ,False,Западный военный округ.38-ма грвадійська бригада управління
38-Separate-railway-brigade,Западный военный округ,False,Западный военный округ.38-ма окрема залізнична бригада
45th-engineering---camouflage-regiment,Западный военный округ,False,Западный военный округ.45-й інженерно - маскувальний полк
The-45th-Artillery-Brigade-of-High-Power,Западный военный округ,False,Западный военный округ.45-та артилерійська бригада великої потужності
45th-Special-Guards-Brigade-of-Special-Purpose,Западный военный округ,False,Западный военный округ.45-та окрема гвардійська бригада спеціального призначення
45th-Separate-Guards-Engineering-Brigade,Западный военный округ,False,Западный военный округ.45-та окрема гвардійська інженерна бригада
46th-Separate-Special-Purpose-Radio-Technical-Brigade,Западный военный округ,False,Западный военный округ.46-та окрема радіотехнічна бригада особливого призначення
5th-repair-regiment,Западный военный округ,False,Западный военный округ.5-й ремонтно відновлювальний полк
51st-Separate-MTO-Brigade,Западный военный округ,False,Западный военный округ.51-ша окрема бригада МТО
561th-Intelligence-Center,Западный военный округ,False,Западный военный округ.561-й розвідувальний центр
69th-Separate-Guards-Marine-Engineering-Regiment,Западный военный округ,False,Западный военный округ.69-й окремий гвардійський морський інженерний полк
742th-Guards-Center-of-Communication,Западный военный округ,False,Западный военный округ.742-й гвардійський центр зв'язку
79th-Guards-Reactive-Artillery-Brigade,Западный военный округ,Yes,Западный военный округ.79-та гвардійська реактивна артилерійська бригада
82th-Separate-Radio-Technical-Brigade,Западный военный округ,False,Западный военный округ.82-га окрема радіотехнічна бригада
841th-Separate-Center,Западный военный округ,False,Западный военный округ.841-й окремий центр РЄБ
The-9th-Separate-MTO-Brigade,Западный военный округ,False,Западный военный округ.9-та окрема бригада МТО
Management-of-the-Russian-Group-in-Transnistria,Западный военный округ,False,Западный военный округ.Управління російського угрупування в придністровї
25th-Separate-Coast-Missile-Brigade,Западный военный округ,False,Западный военный округ.Балтійський флот
Management-of-the-34th-Aviation-Division,Западный военный округ,False,Западный военный округ.Балтійський флот.34-та авіаційна дивізія
Management-of-the-34th-Aviation-Division,Западный военный округ,False,Западный военный округ.Балтійський флот.34-та авіаційна дивізія.Управління 34-ї авіаційної дивізії
The-105th-Brigade-of-Boats-of-Water-District,Западный военный округ,False,Западный военный округ.Балтійський флот.105-та бригада човнів охорони водного району
The-128th-Brigade-of-Boats,Западный военный округ,False,Западный военный округ.Балтійський флот.128-ма бригада човнів
17th-Navy-Crew,Западный военный округ,False,Западный военный округ.Балтійський флот.17-й флотський екіпаж
25th-Separate-Coast-Missile-Brigade,Западный военный округ,False,Западный военный округ.Балтійський флот.25-та окрема берегова ракетна бригада
302th-Regiment,Западный военный округ,False,Западный военный округ.Балтійський флот.302-й полк РЄБ
36th-brigade-of-rocket-boats,Западный военный округ,False,Западный военный округ.Балтійський флот.36-та бригада ракетних катерів
396th-helicopter-regiment,Западный военный округ,False,Западный военный округ.Балтійський флот.396-й вертольотний полк
4th-Guards-Air-Regiment,Западный военный округ,False,Западный военный округ.Балтійський флот.4-й гвардійський авіаціний полк
46th-pontoon-bridge-regiment,Западный военный округ,False,Западный военный округ.Балтійський флот.46-й понтонно-мостовий полк
64th-Brigade-of-Boats-of-Water-District,Западный военный округ,False,Западный военный округ.Балтійський флот.64-та бригада човнів охорони водного району
689th-Fighter-Aviation-Regiment,Западный военный округ,False,Западный военный округ.Балтійський флот.689-й винищувальний авіаційний полк
69th-Separate-Guard-Sea-Engineering-Regiment,Западный военный округ,False,Западный военный округ.Балтійський флот.69-й окремий гвардіський морський інженерний полк
71-sh-brigade-of-landing-boats,Западный военный округ,False,Западный военный округ.Балтійський флот.71-ша бригада десантних човнів
ffff,Північний флот,False,Північний флот
The-management-of-the-14th-Army-Corps,Північний флот,False,Північний флот.14-й армійський корпус
The-200th-Separate-Motorized-Rifle-Brigade,Північний флот,Yes,Північний флот.14-й армійський корпус.200-та окрема мотострілецька бригада
The-80th-Separate-Motorized-Rifle-Brigade,Північний флот,False,Північний флот.14-й армійський корпус.80-та окрема мотострілецька бригада
The-management-of-the-14th-Army-Corps,Північний флот,False,Північний флот.14-й армійський корпус.Управління 14-го армійського корпусу
830th-separate-helicopter-regiment,Північний флот,False,Північний флот.45-та армія ВВС та ППО
ffff,Північний флот,False,Північний флот.45-та армія ВВС та ППО.1-ша дивізія ППО
1528-anti-aircraft-missile-regiment,Північний флот,False,Північний флот.45-та армія ВВС та ППО.1-ша дивізія ППО.1528-й зенітний ракетний полк
33rd-anti-aircraft-missile-regiment,Північний флот,False,Північний флот.45-та армія ВВС та ППО.1-ша дивізія ППО.33-й зенітний ракетний полк
331th-radio-technical-regiment,Північний флот,False,Північний флот.45-та армія ВВС та ППО.1-ша дивізія ППО.331-й радіотехнічний полк
332th-radio-technical-regiment,Північний флот,False,Північний флот.45-та армія ВВС та ППО.1-ша дивізія ППО.332-й радіотехнічний полк
531th-Guards-Anti-aircraft-Missile-Regiment,Північний флот,False,Північний флот.45-та армія ВВС та ППО.1-ша дивізія ППО.531-й гвардійський зенітно ракетний полк
583th-anti-aircraft-missile-regiment,Північний флот,False,Північний флот.45-та армія ВВС та ППО.1-ша дивізія ППО.583-й зенітний ракетний полк
414th-Guards-Anti-aircraft-Missile-Regiment,Північний флот,False,Північний флот.45-та армія ВВС та ППО.3-я дивізія ППО
414th-Guards-Anti-aircraft-Missile-Regiment,Північний флот,False,Північний флот.45-та армія ВВС та ППО.3-я дивізія ППО.414-й гвардійський зенітний ракетний полк
N-th-anti-aircraft-missile-regiment,Північний флот,False,Північний флот.45-та армія ВВС та ППО.3-я дивізія ППО.N-й зенітний ракетний полк
100th-Separate-Fighter-Aviation-Regiment,Північний флот,False,Північний флот.45-та армія ВВС та ППО.100-й окремий винищувальний авіаційний полк
174th-Guards-Fighter-Aviation-Regiment,Північний флот,False,Північний флот.45-та армія ВВС та ППО.174-й гвардійський винищувальний авіаційний полк
216th-regiment-of-UAV,Північний флот,False,Північний флот.45-та армія ВВС та ППО.216-й полк БПЛА
279th-Separate-Fighter-Aviation-Regiment,Північний флот,False,Північний флот.45-та армія ВВС та ППО.279-й окремий винищувальний авіаційний полк
403rd-Separate-Aviation-Regiment,Північний флот,False,Північний флот.45-та армія ВВС та ППО.403-й окремий авіаційний полк
830th-separate-helicopter-regiment,Північний флот,False,Північний флот.45-та армія ВВС та ППО.830-й окремий вертольотнйи полк
98th-Separate-Guards-Aviation-Regiment,Північний флот,False,Північний флот.45-та армія ВВС та ППО.98-й окремий гвардійський авіаційний полк
ffff,Північний флот,False,Північний флот.43-тя дивізія ракетних човнів
The-14th-Brigade,Північний флот,False,Північний флот.14-та бригада протокорабельних човнів
180th-Separate-Road-Regiment,Північний флот,False,Північний флот.180-й окремий дорожній полк
536th-Separate-Coast-Rocket-Artillery-Brigade,Північний флот,False,Північний флот.536-та окрема берегова ракетно-артилерійська бригада
61st-Separate-Marines-Brigade,Північний флот,Yes,Північний флот.61-ша окрема бригада морської піхоти
63th-Separate-Marine-Engineering-Regiment,Північний флот,False,Північний флот.63-й окремий морський інженерний полк
161-sh-brigade-of-submarines,Північний флот,False,Північний флот.Кольська флотилія
121-sh-brigade-of-landing-boats,Північний флот,False,Північний флот.Кольська флотилія.121-ша бригада десантний човнів
161-sh-brigade-of-submarines,Північний флот,False,Північний флот.Кольська флотилія.161-ша бригада підводних човнів
7th-Guards-Brigade-Boats,Північний флот,False,Північний флот.Кольська флотилія.7-ма гвардійська бригада човнів охорони
Kolish-Fleet-Management,Північний флот,False,Північний флот.Кольська флотилія.Управління Кольської флотилії
Management-of-the-Underwater-Forces-of-the-Northern-Fleet,Північний флот,False,Північний флот.Підводні сили північного флоту
Management-of-the-11th-Division-of-submarines,Північний флот,False,Північний флот.Підводні сили північного флоту.11-та дивізія підводних човнів
Management-of-the-11th-Division-of-submarines,Північний флот,False,Північний флот.Підводні сили північного флоту.11-та дивізія підводних човнів.Управління 11-ї дивізії підводних човнів
Management-of-the-24th-Division-of-submarines,Північний флот,False,Північний флот.Підводні сили північного флоту.24-та дивізія підводних човнів
Management-of-the-24th-Division-of-submarines,Північний флот,False,Північний флот.Підводні сили північного флоту.24-та дивізія підводних човнів.Управління 24-ї дивізії підводних човнів
Management-of-the-31st-Division-of-submarines,Північний флот,False,Північний флот.Підводні сили північного флоту.31-ма дивізія підводних човнів
Management-of-the-31st-Division-of-submarines,Північний флот,False,Північний флот.Підводні сили північного флоту.31-ма дивізія підводних човнів.Управління 31-ї дивізії підводних човнів
Management-of-the-7th-Division-of-submarines,Північний флот,False,Північний флот.Підводні сили північного флоту.7-ма дивізія підводних човнів
Management-of-the-7th-Division-of-submarines,Північний флот,False,Північний флот.Підводні сили північного флоту.7-ма дивізія підводних човнів.Управління 7-ї дивізії підводних човнів
29th-Separate-Brigade-of-Submarines,Північний флот,False,Північний флот.Підводні сили північного флоту.29-я окрема бригада підводних човнів
Management-of-the-Underwater-Forces-of-the-Northern-Fleet,Північний флот,False,Північний флот.Підводні сили північного флоту.Управління підводних сил північного флоту
319th-separate-helicopter-regiment,Східний військовий округ,Yes,Східний військовий округ
344th-radio-technical-regiment,Східний військовий округ,False,Східний військовий округ.11-та армія ВВС та ПВО
Management-of-the-25th-Air-Force-Division-and-Air-Defense,Східний військовий округ,False,Східний військовий округ.11-та армія ВВС та ПВО.25-та дивізія ППО
1529th-Guards-Anti-aircraft-Missile-Regiment,Східний військовий округ,False,Східний військовий округ.11-та армія ВВС та ПВО.25-та дивізія ППО.1529-й гвардійський зенітний ракетний полк
1530-Anti-aircraft-Missile-Regiment,Східний військовий округ,Yes,Східний військовий округ.11-та армія ВВС та ПВО.25-та дивізія ППО.1530-й зенітно ракетний полк
1724-anti-aircraft-missile-regiment,Східний військовий округ,False,Східний військовий округ.11-та армія ВВС та ПВО.25-та дивізія ППО.1724-й зенітний ракетний полк
343th-radio-technical-regiment,Східний військовий округ,False,Східний військовий округ.11-та армія ВВС та ПВО.25-та дивізія ППО.343-й радіотехнічний полк
39th-radio-technical-regiment,Східний військовий округ,Yes,Східний військовий округ.11-та армія ВВС та ПВО.25-та дивізія ППО.39-й радіотехнічний полк
Management-of-the-25th-Air-Force-Division-and-Air-Defense,Східний військовий округ,False,Східний військовий округ.11-та армія ВВС та ПВО.25-та дивізія ППО.Управління 25-ї дивізії ВВС та ППО
Management-of-the-26th-Air-Force-Division-and-Air-Defense,Східний військовий округ,False,Східний військовий округ.11-та армія ВВС та ПВО.26-та гвардійська дивізія ПВО
1723-anti-aircraft-missile-regiment,Східний військовий округ,False,Східний військовий округ.11-та армія ВВС та ПВО.26-та гвардійська дивізія ПВО.1723-й зенітний ракетний полк
342th-radio-technical-regiment,Східний військовий округ,False,Східний військовий округ.11-та армія ВВС та ПВО.26-та гвардійська дивізія ПВО.342-й радіотехнічний полк
Management-of-the-26th-Air-Force-Division-and-Air-Defense,Східний військовий округ,False,Східний військовий округ.11-та армія ВВС та ПВО.26-та гвардійська дивізія ПВО.Управління 26-ї дивізії ВВС та ППО
277th-Bombardment-Aviation-Regiment,Східний військовий округ,False,Східний військовий округ.11-та армія ВВС та ПВО.303-тя винищувальна авіаційна дивізія
18th-Guards-Fighter-Aviation-Regiment,Східний військовий округ,Yes,Східний військовий округ.11-та армія ВВС та ПВО.303-тя винищувальна авіаційна дивізія.18-й гвардійський винищувальний авіаційний полк
22nd-Guards-Fighter-Air-Regiment,Східний військовий округ,False,Східний військовий округ.11-та армія ВВС та ПВО.303-тя винищувальна авіаційна дивізія.22-й гвардійський винищувальний авіаціний полк
23rd-Fighter-Aviation-Regiment,Східний військовий округ,False,Східний військовий округ.11-та армія ВВС та ПВО.303-тя винищувальна авіаційна дивізія.23-й винищувальний авіаційний полк
277th-Bombardment-Aviation-Regiment,Східний військовий округ,False,Східний військовий округ.11-та армія ВВС та ПВО.303-тя винищувальна авіаційна дивізія.277-й бомбардирувальний авіаційний полк
Management-of-the-303rd-Fighter-Aviation-Division,Східний військовий округ,False,Східний військовий округ.11-та армія ВВС та ПВО.303-тя винищувальна авіаційна дивізія.Управління 303-ї винищувальної авіаційної дивізії
344th-radio-technical-regiment,Східний військовий округ,False,Східний військовий округ.11-та армія ВВС та ПВО.93-тя дивізія ПВО
1533-anti-aircraft-missile-regiment,Східний військовий округ,False,Східний військовий округ.11-та армія ВВС та ПВО.93-тя дивізія ПВО.1533-й зенітний ракетний полк
344th-radio-technical-regiment,Східний військовий округ,False,Східний військовий округ.11-та армія ВВС та ПВО.93-тя дивізія ПВО.344-й радіотехнічний полк
589th-anti-aircraft-missile-regiment,Східний військовий округ,False,Східний військовий округ.11-та армія ВВС та ПВО.93-тя дивізія ПВО.589-й зенітний ракетний полк
Management-of-the-93rd-Air-Defense-Division,Східний військовий округ,False,Східний військовий округ.11-та армія ВВС та ПВО.93-тя дивізія ПВО.Управління 93-ї дивізії ППО
112th-separate-helicopter-regiment,Східний військовий округ,Yes,Східний військовий округ.11-та армія ВВС та ПВО.112-й окремий вертольотний полк
120th-Separate-Guards-Fighter-Aviation-Regiment,Східний військовий округ,Yes,Східний військовий округ.11-та армія ВВС та ПВО.120-й окремий гвардійський винищувальний авіаційний полк
18th-Brigade-of-Army-Aviation,Східний військовий округ,Yes,Східний військовий округ.11-та армія ВВС та ПВО.18-та бригада армійської авіації
266th-Mine-Aviation-Regiment,Східний військовий округ,Yes,Східний військовий округ.11-та армія ВВС та ПВО.266-й винущувальний авіаційний полк
319th-separate-helicopter-regiment,Східний військовий округ,Yes,Східний військовий округ.11-та армія ВВС та ПВО.319-й окремий вертольотний полк
35th-Separate-Transport-Air-Regiment,Східний військовий округ,False,Східний військовий округ.11-та армія ВВС та ПВО.35-й окремий транспортний авіаціний полк
The-Office-of-the-11th-Army-of-Air-Force-and-Air-Defense,Східний військовий округ,False,Східний військовий округ.11-та армія ВВС та ПВО.Управління 11-ї армії ВВС та ППО
140th-anti-aircraft-missile-brigade,Східний військовий округ,False,Східний військовий округ.29-та армія
101st-Management-Brigade,Східний військовий округ,Yes,Східний військовий округ.29-та армія.101-ша бригада управління
140th-anti-aircraft-missile-brigade,Східний військовий округ,False,Східний військовий округ.29-та армія.140-та зенітна ракетна бригада
19th-Separate-Regiment-of-RCB-Protection,Східний військовий округ,False,Східний військовий округ.29-та армія.19-й окремий полк РХБ захисту
The-200th-Artillery-Brigade,Східний військовий округ,Yes,Східний військовий округ.29-та армія.200-та артилерійська бригада
3rd-missile-brigade,Східний військовий округ,Yes,Східний військовий округ.29-та армія.3-тя ракетна бригада
36th-Separate-Guards-Motorized-Rifle-Brigade,Східний військовий округ,Yes,Східний військовий округ.29-та армія.36-та окрема гвардійська мотострілецька бригада
N-th-engineering-sapl-regiment,Східний військовий округ,False,Східний військовий округ.29-та армія.N-й інженерно-саперний полк
Management-of-the-29th-Army,Східний військовий округ,False,Східний військовий округ.29-та армія.Управління 29-ї армії
54th-Management-Brigade,Східний військовий округ,Yes,Східний військовий округ.35-та загальновійськова армія
107-missile-brigade,Східний військовий округ,False,Східний військовий округ.35-та загальновійськова армія.107-ма ракетна бригада
165th-Artillery-Brigade,Східний військовий округ,Yes,Східний військовий округ.35-та загальновійськова армія.165-та артилерыйська бригада
35th-Regiment-of-RCB-Protection,Східний військовий округ,False,Східний військовий округ.35-та загальновійськова армія.35-й полк РХБ захисту
38th-Separate-Guards-Motorized-Rifle-Brigade,Східний військовий округ,Yes,Східний військовий округ.35-та загальновійськова армія.38-я окрема гвардійська мотострілецька бригада
54th-Management-Brigade,Східний військовий округ,Yes,Східний військовий округ.35-та загальновійськова армія.54-та бригада управління
64th-Separate-Motorized-Rifle-Brigade,Східний військовий округ,Yes,Східний військовий округ.35-та загальновійськова армія.64-та окрема мотострілецька бригада
69th-occouple-brigade-of-cover,Східний військовий округ,Yes,Східний військовий округ.35-та загальновійськова армія.69-та окурема бригада прикриття
71st-anti-aircraft-missile-brigade,Східний військовий округ,Yes,Східний військовий округ.35-та загальновійськова армія.71-ша зенітна ракетна бригада
Management-of-the-35th-Army,Східний військовий округ,False,Східний військовий округ.35-та загальновійськова армія.Управління 35-ї армії
26th-Regiment-of-RCB-Protection,Східний військовий округ,False,Східний військовий округ.36-та загальновійськова армія
The-103rd-missile-brigade,Східний військовий округ,Yes,Східний військовий округ.36-та загальновійськова армія.103-тя ракетна бригада
26th-Regiment-of-RCB-Protection,Східний військовий округ,False,Східний військовий округ.36-та загальновійськова армія.26-й полк РХБ захисту
30th-Artillery-Brigade,Східний військовий округ,Yes,Східний військовий округ.36-та загальновійськова армія.30-та артилерійська бригада
35th-anti-aircraft-missile-brigade,Східний військовий округ,False,Східний військовий округ.36-та загальновійськова армія.35-та зенітна ракетна бригада
37-Separate-Motorized-Rifle-Brigade,Східний військовий округ,Yes,Східний військовий округ.36-та загальновійськова армія.37-ма окрема мотострілецька бригада
5th-Capital-Guardian-Tank-Brigade,Східний військовий округ,Yes,Східний військовий округ.36-та загальновійськова армія.5-я отдельная гвардейская танковая бригада
75th-Management-Brigade,Східний військовий округ,Yes,Східний військовий округ.36-та загальновійськова армія.75-та бригада управління
N-ni-engineering-sapper-regiment,Східний військовий округ,False,Східний військовий округ.36-та загальновійськова армія.N-ний інженерно саперний полк
Management-of-the-36th-Army,Східний військовий округ,False,Східний військовий округ.36-та загальновійськова армія.Управління 36-ї армії
8th-anti-aircraft-missile-brigade,Східний військовий округ,Yes,Східний військовий округ.5-та армія
ffff,Східний військовий округ,False,Східний військовий округ.5-та армія.127-ма мотострілецька дивізія
114th-Guards-Motorized-Rifle-Regiment,Східний військовий округ,False,Східний військовий округ.5-та армія.127-ма мотострілецька дивізія.114-й гвардійський мотострілецький полк
1171th-anti-aircraft-missile-regiment,Східний військовий округ,False,Східний військовий округ.5-та армія.127-ма мотострілецька дивізія.1171-й зенітний ракетний полк
218th-tank-regiment,Східний військовий округ,False,Східний військовий округ.5-та армія.127-ма мотострілецька дивізія.218-й танковий полк
394th-Motorized-Rifle-Regiment,Східний військовий округ,False,Східний військовий округ.5-та армія.127-ма мотострілецька дивізія.394-й мотострілецький полк
872th-self-propelled-artillery-regiment,Східний військовий округ,False,Східний військовий округ.5-та армія.127-ма мотострілецька дивізія.872-й самохідний артилерійський полк
Management-of-the-127th-Motorial-Division,Східний військовий округ,False,Східний військовий округ.5-та армія.127-ма мотострілецька дивізія.Управління 127-ї мотострілецької дивізії
20th-Guards-Missile-Brigade,Східний військовий округ,Yes,Східний військовий округ.5-та армія.20-та гвардійська ракетна бригада
25th-Regiment-of-RCB-protection,Східний військовий округ,Yes,Східний військовий округ.5-та армія.25-й полк рхб захисту
305th-Artillery-Brigade,Східний військовий округ,Yes,Східний військовий округ.5-та армія.305-та артилерійська бригада
35th-engineering-sapl,Східний військовий округ,Yes,Східний військовий округ.5-та армія.35-й інженерно-саперний полк
57-Separate-Guards-Motorized-Rifle-Brigade,Східний військовий округ,Yes,Східний військовий округ.5-та армія.57-ма окрема гвардійська мотострілецька бригада
The-60th-Separate-Motorized-Rifle-Brigade,Східний військовий округ,Yes,Східний військовий округ.5-та армія.60-та окрема мотострілецька бригада
8th-anti-aircraft-missile-brigade,Східний військовий округ,Yes,Східний військовий округ.5-та армія.8-ма зенітна ракетна бригада
80th-Management-Brigade,Східний військовий округ,False,Східний військовий округ.5-та армія.80-та бригада управління
93th-topographic-part,Східний військовий округ,False,Східний військовий округ.5-та армія.93-тя топографічна частина
Management-of-the-5th-Army,Східний військовий округ,False,Східний військовий округ.5-та армія.Управління 5-ї армії
46th-machine-gun---artillery-regiment,Східний військовий округ,Yes,Східний військовий округ.68-й армійський корпус
Management-of-the-18th-machine-gun-artillery-division,Східний військовий округ,False,Східний військовий округ.68-й армійський корпус.18-та кулементно -артилерійська дивізія
46th-machine-gun---artillery-regiment,Східний військовий округ,Yes,Східний військовий округ.68-й армійський корпус.18-та кулементно -артилерійська дивізія.46-й кулеметно - артилерійський полк
49th-machine-gun---artillery-regiment,Східний військовий округ,Yes,Східний військовий округ.68-й армійський корпус.18-та кулементно -артилерійська дивізія.49-й кулеметно - артилерійський полк
Management-of-the-18th-machine-gun-artillery-division,Східний військовий округ,False,Східний військовий округ.68-й армійський корпус.18-та кулементно -артилерійська дивізія.Управління 18-ї кулеметно-артилерійської дивізії
39th-Separate-Motorized-Rifle-Brigade,Східний військовий округ,Yes,Східний військовий округ.68-й армійський корпус.39-та окрема мотострілецька бригада
182th-Guards-Heavy-Bombardment-Aviation-Regiment,Східний військовий округ,Yes,Східний військовий округ.326-а бомбардирувальна авіаційна дивізія
182th-Guards-Heavy-Bombardment-Aviation-Regiment,Східний військовий округ,Yes,Східний військовий округ.326-а бомбардирувальна авіаційна дивізія.182-й гвардійський важкий бомбардирувальний авіаційний полк
200th-Bombardment-Aviation-Regiment,Східний військовий округ,False,Східний військовий округ.326-а бомбардирувальна авіаційна дивізія.200-й бомбардирувальний авіаційний полк
79th-Bombardment-Aviation-Regiment,Східний військовий округ,False,Східний військовий округ.326-а бомбардирувальна авіаційна дивізія.79-й бомбардирувальний авіаційний полк
Management-of-the-326th-Bombardment-Aviation-Division,Східний військовий округ,False,Східний військовий округ.326-а бомбардирувальна авіаційна дивізія.Управління 326-ї бомбардирувальної авіаційної дивізії
ffff,Східний військовий округ,False,Східний військовий округ.53-тя дивізія ППО
101st-communication-brigade,Східний військовий округ,False,Східний військовий округ.101-ша бригада зв'язку
102nd-communication-brigade,Східний військовий округ,False,Східний військовий округ.102-га бригада зв'язку
103-day-communication-brigade,Східний військовий округ,False,Східний військовий округ.103-тя бригада зв'язку
104th-communication-brigade,Східний військовий округ,False,Східний військовий округ.104-та бригада зв'язку
104th-Management-Brigade,Східний військовий округ,Yes,Східний військовий округ.104-та бригада управління
106th-communication-brigade,Східний військовий округ,False,Східний військовий округ.106-та бригада зв'язку
The-11th-Separate-Guards-Airborne-Assault-Brigade,Східний військовий округ,Yes,Східний військовий округ.11-та окрема гвардійська десантно-штурмова бригада
14th-Special-Guards-Brigade-of-Special-Purpose,Східний військовий округ,Yes,Східний військовий округ.14-та окрема гвардійська бригада спеціального призначення
14th-Separate-Guards-Engineering-Brigade,Східний військовий округ,Yes,Східний військовий округ.14-та окрема гвардійська інженерна бригада
155th-Separate-Guards-Brigade-of-Marines,Східний військовий округ,Yes,Східний військовий округ.155-та окрема гвардійська бригада морської піхоти
16th-Separate-Kinghansk-Brigade-of-RCB-Protection,Східний військовий округ,Yes,Східний військовий округ.16-та окрема хинганська бригада рхб захисту
17th-Separate-Airline-Regiment,Східний військовий округ,False,Східний військовий округ.17-й окремий авіаціний полк
17th-Separate-Brigade,Східний військовий округ,Yes,Східний військовий округ.17-та окрема бригада РЄБ
212th-Training-Center,Східний військовий округ,Yes,Східний військовий округ.212-й навчальний центр
225th-storage-base,Східний військовий округ,False,Східний військовий округ.225-та база зберігання
227-Storage-base,Східний військовий округ,False,Східний військовий округ.227-ма база зберігання
230th-storage-base,Східний військовий округ,False,Східний військовий округ.230-та база зберігання
237-storage-base,Східний військовий округ,False,Східний військовий округ.237-ма база зберігання
240-storage-base,Східний військовий округ,False,Східний військовий округ.240-ва база зберігання
243th-storage-base,Східний військовий округ,False,Східний військовий округ.243-тя база зберігання
245th-storage-base,Східний військовий округ,False,Східний військовий округ.245-та база зберігання
247-storage-base,Східний військовий округ,False,Східний військовий округ.247-ма база зберігання
338-Guards-reactive-artillery-brigade,Східний військовий округ,Yes,Східний військовий округ.338-ма гвардійська реактивна артилерійська бригада
38-anti-aircraft-missile-brigade,Східний військовий округ,False,Східний військовий округ.38-ма зенітна ракетна бригада
3828-MTO-base,Східний військовий округ,False,Східний військовий округ.3828-ма база МТО
40th-Separate-Marines-Brigade,Східний військовий округ,Yes,Східний військовий округ.40-ва окрема бригада морської піхоти
50th-Separate-Railway-Brigade,Східний військовий округ,False,Східний військовий округ.50-та окрема залізнична бригада
7th-separate-railway-brigade,Східний військовий округ,False,Східний військовий округ.7-ма окрема залізнична бригада
7018th-storage-base,Східний військовий округ,False,Східний військовий округ.7018-та база зберігання
7020-storage-base,Східний військовий округ,False,Східний військовий округ.7020-та база зберігання
7021-sha-storage-base,Східний військовий округ,False,Східний військовий округ.7021-ша база зберігання
79th-missile-brigade,Східний військовий округ,False,Східний військовий округ.79-та ракетна бригада
83rd-Separate-Guards-Airborne-Stock-Brigade,Східний військовий округ,Yes,Східний військовий округ.83-тя окрема гвардійська десантно-штурмова бригада
88-Separate-Special-Purpose-Radio-Technical-Brigade,Східний військовий округ,Yes,Східний військовий округ.88-ма окрема радіотехнічна бригада особливого призначення
92th-Radio-Technical-Brigade,Східний військовий округ,False,Східний військовий округ.92-га радіотехнічна бригада
ffff,Східний військовий округ,False,Східний військовий округ.Тихоокеанський флот
ffff,Східний військовий округ,False,Східний військовий округ.Тихоокеанський флот.10-та дивізія підводних човнів
ffff,Східний військовий округ,False,Східний військовий округ.Тихоокеанський флот.25-та дивізія підводних човнів
ffff,Східний військовий округ,False,Східний військовий округ.Тихоокеанський флот.36-та дивізія човнів
100th-brigade-of-landing-ships,Східний військовий округ,False,Східний військовий округ.Тихоокеанський флот.100-та бригада десантних кораблів
The-114th-Brigade-of-the-Boats-of-the-Water-District,Східний військовий округ,Yes,Східний військовий округ.Тихоокеанський флот.114-та бригада човнів охорони водного району
1532-anti-aircraft-missile-regiment,Східний військовий округ,Yes,Східний військовий округ.Тихоокеанський флот.1532-й зенітно ракетний полк
155th-Separate-Guards-Brigade-of-Marines,Східний військовий округ,Yes,Східний військовий округ.Тихоокеанський флот.155-та окрема гвардійська бригада морської піхоти
165th-Brigade-of-Square-Ships,Східний військовий округ,False,Східний військовий округ.Тихоокеанський флот.165-та бригада надводних кораблів
19th-Brigade-of-Submarines,Східний військовий округ,False,Східний військовий округ.Тихоокеанський флот.19-та бригада підводних човнів
216th-Separate-Regiment-Reb,Східний військовий округ,False,Східний військовий округ.Тихоокеанський флот.216-й окремий полк РЕБ
317th-Separate-Aviation-Regiment,Східний військовий округ,False,Східний військовий округ.Тихоокеанський флот.317-й окремий авіаційний полк
40th-Separate-Marines-Brigade,Східний військовий округ,Yes,Східний військовий округ.Тихоокеанський флот.40-ва окрема бригада морської піхоти
44th-Brigade-of-anti-ship-boats,Східний військовий округ,False,Східний військовий округ.Тихоокеанський флот.44-та бригада протикорабельних човнів
474-1-Center-of-the-Reb,Східний військовий округ,False,Східний військовий округ.Тихоокеанський флот.474-1 центр РЕБ
520th-Separate-Coast-Rocket-Artillery-Brigade,Східний військовий округ,Yes,Східний військовий округ.Тихоокеанський флот.520-та окрема берегова ракетно-артилерійська бригада
703th-Center-of-MTO,Східний військовий округ,False,Східний військовий округ.Тихоокеанський флот.703-й центр МТО
7062-g-Aviation-Base,Східний військовий округ,Yes,Східний військовий округ.Тихоокеанський флот.7062-га авіаційна база
72th-Separate-Brigade-of-Submarines,Східний військовий округ,False,Східний військовий округ.Тихоокеанський флот.72-га окреми бригада підводних човнів
72nd-missile-brigade,Східний військовий округ,False,Східний військовий округ.Тихоокеанський флот.72-га ракетна бригада
84th-brigade-of-security-ships,Східний військовий округ,False,Східний військовий округ.Тихоокеанський флот.84-та бригада кораблів забезпечення
865th-Separate-Fighter-Aviation-Regiment,Східний військовий округ,False,Східний військовий округ.Тихоокеанський флот.865-й окремий винищувальний авіаційний полк
454th-Military-Hospital,Центральный военный округ,False,Центральный военный округ
385th-Guards-Artillery-Brigade,Центральный военный округ,False,Центральный военный округ.2-га гвардійська армія
The-15th-Separate-Motorial-Brigade,Центральный военный округ,Yes,Центральный военный округ.2-га гвардійська армія.15-та окрема мотострілкова бригада
2nd-Regiment-of-RCB-protection,Центральный военный округ,False,Центральный военный округ.2-га гвардійська армія.2-й полк РХБ захисту
21st-Separate-Guards-Motorized-Rifle-Brigade,Центральный военный округ,False,Центральный военный округ.2-га гвардійська армія.21-ша окрема гвардійська мотострілецька бригада
297th-Zenit-missile-brigade,Центральный военный округ,False,Центральный военный округ.2-га гвардійська армія.297-та зенитна ракетна бригада
The-30th-Separate-Motorized-Rifle-Brigade,Центральный военный округ,Yes,Центральный военный округ.2-га гвардійська армія.30-та окрема мотострілецька бригада
31st-Separate-Guards-Airborne-Assault-Brigade,Центральный военный округ,False,Центральный военный округ.2-га гвардійська армія.31-ша окрема гвардійська десантно-штурмова бригада
385th-Guards-Artillery-Brigade,Центральный военный округ,False,Центральный военный округ.2-га гвардійська армія.385-та гвардійська артилерійська бригада
39th-engineering-sapl,Центральный военный округ,False,Центральный военный округ.2-га гвардійська армія.39-й інженерно-саперний полк
91st-management-brigade,Центральный военный округ,False,Центральный военный округ.2-га гвардійська армія.91-ша бригада управління
92nd-missile-brigade,Центральный военный округ,False,Центральный военный округ.2-га гвардійська армія.92-га ракетна бригада
Management-of-the-2nd-Army,Центральный военный округ,False,Центральный военный округ.2-га гвардійська армія.Управління 2-ї армії
The-10th-Regiment-of-RCB-Protection,Центральный военный округ,False,Центральный военный округ.41-ша армія
The-10th-Regiment-of-RCB-Protection,Центральный военный округ,False,Центральный военный округ.41-ша армія.10-й полк РХБ захисту
106th-MTZ-brigade,Центральный военный округ,False,Центральный военный округ.41-ша армія.106-та бригада МТЗ
119th-missile-brigade,Центральный военный округ,False,Центральный военный округ.41-ша армія.119-та ракетна бригада
120th-Artillery-Brigade,Центральный военный округ,Yes,Центральный военный округ.41-ша армія.120-та артилерійська бригада
24th-engineering-sapper-regiment,Центральный военный округ,False,Центральный военный округ.41-ша армія.24-й інженерно-саперний полк
35th-Management-Brigade,Центральный военный округ,False,Центральный военный округ.41-ша армія.35-та бригада управління
35th-Separate-Guards-Motorized-Rifle-Brigade,Центральный военный округ,Yes,Центральный военный округ.41-ша армія.35-та окрема гвардійська мотострілецька бригада
40th-engineering-sapper-regiment,Центральный военный округ,False,Центральный военный округ.41-ша армія.40-й інженерно-саперний полк
41st-Separate-Motorized-Rifle-Brigade,Центральный военный округ,False,Центральный военный округ.41-ша армія.41-ша окрема мотострілецька бригада
55th-Motorized-Rifle-Brigade,Центральный военный округ,False,Центральный военный округ.41-ша армія.55-та мотострілецька бригада
61st-anti-aircraft-missile-brigade,Центральный военный округ,False,Центральный военный округ.41-ша армія.61-ша зенітна ракетна бригада
74th-Separate-Guards-Motorized-Rifle-Brigade,Центральный военный округ,Yes,Центральный военный округ.41-ша армія.74-та окрема гвардійська мотострілецька бригада
149th-Motorized-Rifle-Regiment,Центральный военный округ,False,Центральный военный округ.201-ша військова база
149th-Motorized-Rifle-Regiment,Центральный военный округ,False,Центральный военный округ.201-ша військова база.149-й мотострілецький полк
191th-Motorized-Rifle-Regiment,Центральный военный округ,False,Центральный военный округ.201-ша військова база.191-й мотострілецький полк
92th-Motorized-Rifle-Regiment,Центральный военный округ,False,Центральный военный округ.201-ша військова база.92-й мотострілецький полк
764th-Fighter-Aviation-Regiment,Центральный военный округ,False,Центральный военный округ.21-ша авіаційна дивізія
2nd-Guards-Aviation-Bombing-Regiment,Центральный военный округ,Yes,Центральный военный округ.21-ша авіаційна дивізія.2-й гвардійський авіаційний бомбардувальний полк
712th-Fighter-Aviation-Regiment,Центральный военный округ,False,Центральный военный округ.21-ша авіаційна дивізія.712-й винищувальний авіаційний полк
764th-Fighter-Aviation-Regiment,Центральный военный округ,False,Центральный военный округ.21-ша авіаційна дивізія.764-й винищувальний авіаційний полк
590th-missile-regiment,Центральный военный округ,Yes,Центральный военный округ.41-ша дивізія ППО
1534-anti-aircraft-missile-regiment,Центральный военный округ,False,Центральный военный округ.41-ша дивізія ППО.1534-й зенітний ракетний полк
341th-radio-technical-regiment,Центральный военный округ,False,Центральный военный округ.41-ша дивізія ППО.341-й радіотехнічний полк
388th-Guards-anti-aircraft-missile-regiment,Центральный военный округ,Yes,Центральный военный округ.41-ша дивізія ППО.388-й гвардійський зенітний ракетний полк
590th-missile-regiment,Центральный военный округ,Yes,Центральный военный округ.41-ша дивізія ППО.590-й ракетний полк
Management-of-the-41st-Air-Defense-Division,Центральный военный округ,False,Центральный военный округ.41-ша дивізія ППО.Управління 41-ї дивізії ППО
324th-tank-regiment,Центральный военный округ,False,Центральный военный округ.44-та учбова танкова дивізія
213th-Motorized-Rifle-Regiment,Центральный военный округ,False,Центральный военный округ.44-та учбова танкова дивізія.213-й мотострілецький полк
324th-tank-regiment,Центральный военный округ,False,Центральный военный округ.44-та учбова танкова дивізія.324-й танковий полк
347th-tank-regiment,Центральный военный округ,False,Центральный военный округ.44-та учбова танкова дивізія.347-й танковий полк
383th-Pank-Regiment,Центральный военный округ,False,Центральный военный округ.44-та учбова танкова дивізія.383-й танковий полк
831th-Artillery-Regiment,Центральный военный округ,False,Центральный военный округ.44-та учбова танкова дивізія.831-й артилерійський полк
Management-of-the-44th-Training-Tank-Division,Центральный военный округ,False,Центральный военный округ.44-та учбова танкова дивізія.Управління 44-ї навчальної танкової дивізії
340th-radio-technical-regiment,Центральный военный округ,False,Центральный военный округ.76-та дивізія ППО
185th-anti-aircraft-missile-regiment,Центральный военный округ,False,Центральный военный округ.76-та дивізія ППО.185-й зенітний ракетний полк
340th-radio-technical-regiment,Центральный военный округ,False,Центральный военный округ.76-та дивізія ППО.340-й радіотехнічний полк
511th-Guards-anti-aircraft-missile-Smolensk-Regiment,Центральный военный округ,False,Центральный военный округ.76-та дивізія ППО.511-й гвардійський зенітний ракетний полк
568th-anti-aircraft-missile-regiment,Центральный военный округ,False,Центральный военный округ.76-та дивізія ППО.568-й зенітний ракетний полк
Management-of-the-76th-Air-Defense-Division,Центральный военный округ,False,Центральный военный округ.76-та дивізія ППО.Управління 76-ї дивізії ППО
Management-of-the-90th-Tank-Division,Центральный военный округ,False,Центральный военный округ.90-та гвардійська танкова дивізія
228th-Motorized-Rifle-Regiment,Центральный военный округ,False,Центральный военный округ.90-та гвардійська танкова дивізія.228-й мотострілецький полк
239th-Guards-Tank-Regiment,Центральный военный округ,Yes,Центральный военный округ.90-та гвардійська танкова дивізія.239-й гвардійський танковий полк
The-400th-Self-Processed-Artillery-Regiment,Центральный военный округ,False,Центральный военный округ.90-та гвардійська танкова дивізія.400-й самохідний артилерійський полк
6th-Guards-Tank-Regiment,Центральный военный округ,Yes,Центральный военный округ.90-та гвардійська танкова дивізія.6-й гвардійський танковий полк
80th-tank-regiment,Центральный военный округ,False,Центральный военный округ.90-та гвардійська танкова дивізія.80-й танковий полк
Management-of-the-90th-Tank-Division,Центральный военный округ,False,Центральный военный округ.90-та гвардійська танкова дивізія.Управління 90-ї танкової дивізії
1st-mobile-brigade-RCB-protection,Центральный военный округ,False,Центральный военный округ.1-ша мобільна бригада РХБ захисту
105th-Separate-MTO-Brigade,Центральный военный округ,False,Центральный военный округ.105-та окрема бригада МТО
106th-Separate-MTO-Brigade,Центральный военный округ,False,Центральный военный округ.106-та окрема бригада МТО
The-12th-Separate-Guards-Engineering-Brigade,Центральный военный округ,Yes,Центральный военный округ.12-та окрема гвардійська інженерна бригада
143rd-Aviation-Hospital,Центральный военный округ,False,Центральный военный округ.143-й авіаційний госпіталь
179th-communication-brigade,Центральный военный округ,False,Центральный военный округ.179-та бригада зв'язку
18th-Brigade,Центральный военный округ,False,Центральный военный округ.18-та бригада РЄБ
232th-jet-artillery-brigade,Центральный военный округ,False,Центральный военный округ.232-га реактивна артилерійська бригада
24th-repair-evacuation-regiment,Центральный военный округ,False,Центральный военный округ.24-й ремонтно евакуаційний полк
24th-Special-Purpose-Brigade,Центральный военный округ,Yes,Центральный военный округ.24-та окрема бригада спеціального призначення
28th-anti-aircraft-missile-brigade,Центральный военный округ,False,Центральный военный округ.28-ма зенітна ракетна бригада
3rd-separate-Guards-Brigade-of-Special-Purpose,Центральный военный округ,False,Центральный военный округ.3-тя окрема гвардійська бригада спеціального призначення
337th-separate-helicopter-regiment,Центральный военный округ,False,Центральный военный округ.337-й окремий вертолітний полк
354th-Military-Clinical-Hospital,Центральный военный округ,False,Центральный военный округ.354-й військовий клінічний госпіталь
39th-Separate-Radio-Technical-Brigade,Центральный военный округ,False,Центральный военный округ.39-та окрема радіотехнічна бригада
390th-Separate-Transport-Aviation-Regiment,Центральный военный округ,False,Центральный военный округ.390-й окремий транспортний авіаційний полк
425th-Military-Hospital,Центральный военный округ,False,Центральный военный округ.425-й військовий госпіталь
426th-Wisk-Hospital,Центральный военный округ,False,Центральный военный округ.426-й віськовий госпіталь
428th-Military-Hospital,Центральный военный округ,False,Центральный военный округ.428-й військовий госпіталь
43-day-separate-railway-brigade,Центральный военный округ,False,Центральный военный округ.43-тя окрема залізнична бригада
451th-Military-Hospital,Центральный военный округ,False,Центральный военный округ.451-й військовий госпіталь
454th-Military-Hospital,Центральный военный округ,False,Центральный военный округ.454-й військовий госпіталь
48-Separate-railway-brigade,Центральный военный округ,False,Центральный военный округ.48-ма окрема залізнична бригада
5th-separate-railway-brigade,Центральный военный округ,False,Центральный военный округ.5-та окрема залізнична бригада
59th-Management-Brigade,Центральный военный округ,False,Центральный военный округ.59-та бригада управління
7th-Brigade-of-Army-Aviation,Центральный военный округ,False,Центральный военный округ.7-а бригада армійської авіації
9th-Separate-Brigade-of-RCB-Protection,Центральный военный округ,False,Центральный военный округ.9-та окрема бригада РХБ захисту
999-A-Aviation-Base,Центральный военный округ,False,Центральный военный округ.999-а авіаційна база
Air-Force-and-Air-Force-Management,Центральный военный округ,False,Центральный военный округ.Управління 14 армії ВВС та ППО
Aviation-rear,Центральный военный округ,False,Центральный военный округ.авіаційна тилова база
Management-of-the-4th-Aviation-Division,Южный военный округ,False,Южный военный округ
4th-Separate-Regiment-of-RCB-Protection,Южный военный округ,False,Южный военный округ.22-й армійський корпус
1096-Separate-Anti-aircraft-Missile-Regiment,Южный военный округ,False,Южный военный округ.22-й армійський корпус.1096-й окремий зенітний ракетний полк
126th-Separate-Guards-Brigade-of-Coast-Guard,Южный военный округ,Yes,Южный военный округ.22-й армійський корпус.126-та окрема гвардійська бригада берегової охорони
127-Separate-Intelligence-Brigade,Южный военный округ,False,Южный военный округ.22-й армійський корпус.127-ма окрема розвідувальна бригада
4th-Separate-Regiment-of-RCB-Protection,Южный военный округ,False,Южный военный округ.22-й армійський корпус.4-й окремий полк РХБ захисту
8th-Artillery-Regiment,Южный военный округ,False,Южный военный округ.22-й армійський корпус.8-й артилерійський полк
34th-Separate-Motorized-Rifle-Brigade,Южный военный округ,Yes,Южный военный округ.49-та загальновійськова армія
1st-Guards-missile-brigade,Южный военный округ,False,Южный военный округ.49-та загальновійськова армія.1-ша гвардійська ракетна бригада
17th-Regiment-of-RCB-protection,Южный военный округ,False,Южный военный округ.49-та загальновійськова армія.17-й полк РХБ захисту
205th-Separate-Motorized-Rifle-Brigade,Южный военный округ,Yes,Южный военный округ.49-та загальновійськова армія.205-та окрема мотострілецька бригада
227-artillery-brigade,Южный военный округ,False,Южный военный округ.49-та загальновійськова армія.227-ма артилерійська бригада
32nd-engineering-sampling-regiment,Южный военный округ,False,Южный военный округ.49-та загальновійськова армія.32-й інженерно-сапериний полк
34th-Separate-Motorized-Rifle-Brigade,Южный военный округ,Yes,Южный военный округ.49-та загальновійськова армія.34-та окрема мотострілецька бригада
66th-Management-Brigade,Южный военный округ,False,Южный военный округ.49-та загальновійськова армія.66-та бригада управління
7-military-base,Южный военный округ,Yes,Южный военный округ.49-та загальновійськова армія.7-ма військова база
90th-anti-aircraft-missile-brigade,Южный военный округ,False,Южный военный округ.49-та загальновійськова армія.90-та зенітна ракетна бригада
Management-of-the-49th-General-Army,Южный военный округ,False,Южный военный округ.49-та загальновійськова армія.Управління 49-ї загальновійськової армії
31st-engineering-sapl,Южный военный округ,False,Южный военный округ.58-ма загальновійськова армія
503th-Guards-Motorized-Rifle-Regiment,Южный военный округ,Yes,Южный военный округ.58-ма загальновійськова армія.19-та мотострілецька дивізія
429th-Motorized-Rifle-Regiment,Южный военный округ,Yes,Южный военный округ.58-ма загальновійськова армія.19-та мотострілецька дивізія.429-й мотострілецький полк
503th-Guards-Motorized-Rifle-Regiment,Южный военный округ,Yes,Южный военный округ.58-ма загальновійськова армія.19-та мотострілецька дивізія.503-й гвардійський мотострілецький полк
291th-Guards-Motorized-Rifle-Regiment,Южный военный округ,Yes,Южный военный округ.58-ма загальновійськова армія.42-га гвардійська мотострілецька дивізія
291th-Guards-Motorized-Rifle-Regiment,Южный военный округ,Yes,Южный военный округ.58-ма загальновійськова армія.42-га гвардійська мотострілецька дивізія.291-й гвардійський мотострілецький полк
50th-Guards-Self-Propelled-Artillery-Regiment,Южный военный округ,Yes,Южный военный округ.58-ма загальновійськова армія.42-га гвардійська мотострілецька дивізія.50-й гвардійський самохідний артилерійський полк
70th-Guards-Motorized-Rifle-Regiment,Южный военный округ,Yes,Южный военный округ.58-ма загальновійськова армія.42-га гвардійська мотострілецька дивізія.70-й гвардійський мотострілецький полк
71th-Guards-Motorized-Rifle-Regiment,Южный военный округ,Yes,Южный военный округ.58-ма загальновійськова армія.42-га гвардійська мотострілецька дивізія.71-й гвардійський мотострілецький полк
Management-of-the-42nd-Division,Южный военный округ,False,Южный военный округ.58-ма загальновійськова армія.42-га гвардійська мотострілецька дивізія.Управління 42-ї дивізії
100th-Separate-Intelligence-Brigade,Южный военный округ,False,Южный военный округ.58-ма загальновійськова армія.100-та окрема розвідувальна бригада
1020th-command-reconnaissance-center,Южный военный округ,False,Южный военный округ.58-ма загальновійськова армія.1020-й команднйи розвідувальний центр
1138th-command,Южный военный округ,False,Южный военный округ.58-ма загальновійськова армія.1138-й команднйи пункт ПВО
12th-rocket-brigade,Южный военный округ,False,Южный военный округ.58-ма загальновійськова армія.12-та ракетна бригада
136th-Separate-Guards-Motorized-Rifle-Brigade,Южный военный округ,Yes,Южный военный округ.58-ма загальновійськова армія.136-та окрема гвардійська мотострілецька бригада
291-sh-Artelerian-brigade,Южный военный округ,Yes,Южный военный округ.58-ма загальновійськова армія.291-ша артелерійська бригада
31st-engineering-sapl,Южный военный округ,False,Южный военный округ.58-ма загальновійськова армія.31-й інженерно-саперний полк
34th-Management-Brigade,Южный военный округ,Yes,Южный военный округ.58-ма загальновійськова армія.34-та бригада управління
4th-Guards-Military-Base,Южный военный округ,False,Южный военный округ.58-ма загальновійськова армія.4-та гвардійська військова база
40th-Regiment-of-RCB-protection,Южный военный округ,False,Южный военный округ.58-ма загальновійськова армія.40-й полк РХБ захисту
67th-anti-aircraft-missile-brigade,Южный военный округ,False,Южный военный округ.58-ма загальновійськова армія.67-ма зенітна ракетна бригада
74th-Separate-Radiotechnical-Regiment-of-Special-Purpose,Южный военный округ,False,Южный военный округ.58-ма загальновійськова армія.74-й окремий радіотехнічний полк особливого призначення
N-on-topographic-part,Южный военный округ,False,Южный военный округ.58-ма загальновійськова армія.N-на топографічна частина
Management-of-the-58th-Army,Южный военный округ,False,Южный военный округ.58-ма загальновійськова армія.Управління 58-ї армії
56th-Guards-Airborne-Outstone-Regiment,Южный военный округ,Yes,Южный военный округ.8-ма гвардійська загальновійськова армія
102th-Motorized-Rifle-Regiment,Южный военный округ,Yes,Южный военный округ.8-ма гвардійська загальновійськова армія.150-та мотострілецька дивізія
102th-Motorized-Rifle-Regiment,Южный военный округ,Yes,Южный военный округ.8-ма гвардійська загальновійськова армія.150-та мотострілецька дивізія.102-й мотострілецький полк
The-103rd-Motorized-Rifle-Regiment,Южный военный округ,False,Южный военный округ.8-ма гвардійська загальновійськова армія.150-та мотострілецька дивізія.103-й мотострілецький полк
163th-Guards-Tank-Regiment,Южный военный округ,Yes,Южный военный округ.8-ма гвардійська загальновійськова армія.150-та мотострілецька дивізія.163-й гвардійський танковий полк
381th-Guards-Artillery-Regiment,Южный военный округ,False,Южный военный округ.8-ма гвардійська загальновійськова армія.150-та мотострілецька дивізія.381-й гвардійський артилерійський полк
68th-Guards-Tank-Regiment,Южный военный округ,Yes,Южный военный округ.8-ма гвардійська загальновійськова армія.150-та мотострілецька дивізія.68-й гвардійський танковий полк
933th-anti-aircraft-missile-regiment,Южный военный округ,Yes,Южный военный округ.8-ма гвардійська загальновійськова армія.150-та мотострілецька дивізія.933-й зенітний ракетний полк
Management-of-the-150th-Motorial-Division,Южный военный округ,False,Южный военный округ.8-ма гвардійська загальновійськова армія.150-та мотострілецька дивізія.Управління 150-ї мотострілецької дивізії
358th-Guards-anti-aircraft-missile-regiment,Южный военный округ,False,Южный военный округ.8-ма гвардійська загальновійськова армія.20-та гвардійська мотострілецька дивізія
242th-Guards-Motorized-Rifle-Regiment,Южный военный округ,False,Южный военный округ.8-ма гвардійська загальновійськова армія.20-та гвардійська мотострілецька дивізія.242-й гвардійський мотострілецький полк
255th-Guards-Motorized-Rifle-Regiment,Южный военный округ,Yes,Южный военный округ.8-ма гвардійська загальновійськова армія.20-та гвардійська мотострілецька дивізія.255-й гвардійський мотострілецький полк
358th-Guards-anti-aircraft-missile-regiment,Южный военный округ,False,Южный военный округ.8-ма гвардійська загальновійськова армія.20-та гвардійська мотострілецька дивізія.358-й гвардійський зенітний ракетний полк
44th-Guards-Self-Professional-Artillery-Regiment,Южный военный округ,False,Южный военный округ.8-ма гвардійська загальновійськова армія.20-та гвардійська мотострілецька дивізія.44-й гвардійський самоходно артилерійський полк
56th-Guards-Airborne-Outstone-Regiment,Южный военный округ,Yes,Южный военный округ.8-ма гвардійська загальновійськова армія.20-та гвардійська мотострілецька дивізія.56-й гвардійський десантно-штурмовий полк
Management-of-the-20th-Division,Южный военный округ,False,Южный военный округ.8-ма гвардійська загальновійськова армія.20-та гвардійська мотострілецька дивізія.Управління 20-ї дивізії
33rd-Guards-Engineering-Saturer-Regiment,Южный военный округ,False,Южный военный округ.8-ма гвардійська загальновійськова армія.33-й гвардійський інженерно-саперинйи полк
38-artillery-brigade,Южный военный округ,False,Южный военный округ.8-ма гвардійська загальновійськова армія.38-ма артилерійська бригада
39th-Regiment-of-RCB-Protection,Южный военный округ,False,Южный военный округ.8-ма гвардійська загальновійськова армія.39-й полк РХБ захисту
47-missile-brigade,Южный военный округ,False,Южный военный округ.8-ма гвардійська загальновійськова армія.47-ма ракетна бригада
Management-of-the-8th-Army,Южный военный округ,False,Южный военный округ.8-ма гвардійська загальновійськова армія.Управління 8-ї армії
368-Store-Aviation-Regiment,Южный военный округ,False,Южный военный округ.1-ша авіаційна дивізія
3rd-mixed-air-regiment,Южный военный округ,False,Южный военный округ.1-ша авіаційна дивізія.3-й змішаний авіаціний полк
31st-Fighter-Aviation-Regiment,Южный военный округ,Yes,Южный военный округ.1-ша авіаційна дивізія.31-й винищувальний авіаційний полк
368-Store-Aviation-Regiment,Южный военный округ,False,Южный военный округ.1-ша авіаційна дивізія.368-й штурмовий авіаційний полк
559th-Bombard-Aviation-Regiment,Южный военный округ,Yes,Южный военный округ.1-ша авіаційна дивізія.559-й бомбардувальний авіаційний полк
Management-of-the-1st-Aviation-Division,Южный военный округ,False,Южный военный округ.1-ша авіаційна дивізія.Управління 1-ї авіаційної дивізії
38th-Fighter-Aviation-Regiment,Южный военный округ,False,Южный военный округ.27-ма авіаційна дивізія
37th-Mixed-Aviyaeus-Regiment,Южный военный округ,False,Южный военный округ.27-ма авіаційна дивізія.37-й змішаний авійаціний полк
38th-Fighter-Aviation-Regiment,Южный военный округ,False,Южный военный округ.27-ма авіаційна дивізія.38-й винищувальний авіаційнйи полк
39th-helicopter-regiment,Южный военный округ,False,Южный военный округ.27-ма авіаційна дивізія.39-й вертольотний полк
Management-of-the-27th-Aviation-Division,Южный военный округ,False,Южный военный округ.27-ма авіаційна дивізія.Управління 27-ї авіаційної дивізії
11th-brigade-of-protracic-ships,Южный военный округ,Yes,Южный военный округ.30-та дивізія надводних кораблів
11th-brigade-of-protracic-ships,Южный военный округ,Yes,Южный военный округ.30-та дивізія надводних кораблів.11-та бригада протичовнових кораблів
197-Brigade-Angry-Boats,Южный военный округ,False,Южный военный округ.30-та дивізія надводних кораблів.197-ма бригада десантний човнів
Management-of-the-31st-Air-Defense-Division,Южный военный округ,False,Южный военный округ.31-ша дивізія ППО
12th-anti-aircraft-missile-regiment,Южный военный округ,False,Южный военный округ.31-ша дивізія ППО.12-й зенітний ракетнйи полк
18th-Guards-Anti-aircraft-Missile-Regiment,Южный военный округ,False,Южный военный округ.31-ша дивізія ППО.18-й гвардійський зенітний ракетний полк
3rd-radio-technical-regiment,Южный военный округ,False,Южный военный округ.31-ша дивізія ППО.3-й радіотехнічний полк
Management-of-the-31st-Air-Defense-Division,Южный военный округ,False,Южный военный округ.31-ша дивізія ППО.Управління 31-ї дивізії ППО
11th-Mixed-Aviation-Regiment,Южный военный округ,False,Южный военный округ.4-та авіаційна дивізія
11th-Mixed-Aviation-Regiment,Южный военный округ,False,Южный военный округ.4-та авіаційна дивізія.11-й змішаний авіаційний полк
960th-assault-aviation-regiment,Южный военный округ,False,Южный военный округ.4-та авіаційна дивізія.960-й штурмовий авіаційнйи полк
Management-of-the-4th-Aviation-Division,Южный военный округ,False,Южный военный округ.4-та авіаційна дивізія.Управління 4-ї авіаційної дивізії
338th-radio-technical-regiment,Южный военный округ,Yes,Южный военный округ.51-ша дивізія ППО
1536-Zenith-rocket-regiment,Южный военный округ,False,Южный военный округ.51-ша дивізія ППО.1536-й зенітнйи ракетнйи полк
1537-anti-aircraft-missile-regiment,Южный военный округ,False,Южный военный округ.51-ша дивізія ППО.1537-й зенітний ракетний полк
1721-Anti-aircraft-missile-regiment,Южный военный округ,False,Южный военный округ.51-ша дивізія ППО.1721-й зенітний ракетний полк
338th-radio-technical-regiment,Южный военный округ,Yes,Южный военный округ.51-ша дивізія ППО.338-й радіотехнічний полк
339th-radio-technical-regiment,Южный военный округ,False,Южный военный округ.51-ша дивізія ППО.339-й радіотехнічний полк
Management-of-the-51st-Air-Defense-Division,Южный военный округ,False,Южный военный округ.51-ша дивізія ППО.Управління 51-ї дивізії ППО
108th-Guards-Airborne-Outstone-Regiment,Южный военный округ,False,Южный военный округ.7-ма десантно-штурмова дивізія
108th-Guards-Airborne-Outstone-Regiment,Южный военный округ,False,Южный военный округ.7-ма десантно-штурмова дивізія.108-й гвардійський десантно-штурмовий полк
1141th-Artillery-Regiment,Южный военный округ,False,Южный военный округ.7-ма десантно-штурмова дивізія.1141-й артилерійський полк
247th-Guards-Airborne-Outstone-Regiment,Южный военный округ,Yes,Южный военный округ.7-ма десантно-штурмова дивізія.247-й гвардійський десантно-штурмовий полк
3rd-Guards-Anti-Student-Regiment,Южный военный округ,False,Южный военный округ.7-ма десантно-штурмова дивізія.3-й гвардійський зенітно-ракетний полк
56th-Guards-Airborne-Outstone-Regiment,Южный военный округ,Yes,Южный военный округ.7-ма десантно-штурмова дивізія.56-й гвардійський десантно-штурмовий полк
97th-landing-regiment,Южный военный округ,False,Южный военный округ.7-ма десантно-штурмова дивізія.97-й десантно-штурмовий полк
Management-of-the-7th-Airborne-Assault-Division,Южный военный округ,False,Южный военный округ.7-ма десантно-штурмова дивізія.Управління 7-ї десантно-штурмової дивізії
10th-Separate-Repair-and-Evacuation-Regiment,Южный военный округ,False,Южный военный округ.10-й окремий ремонтно-евакуаційний полк
10th-Special-Purpose-Brigade,Южный военный округ,Yes,Южный военный округ.10-та окрема бригада спеціального призначення
100th-Separate-Intelligence-Brigade,Южный военный округ,False,Южный военный округ.100-та окрема розвідувальна бригада
102th-Military-Base,Южный военный округ,False,Южный военный округ.102-га військова база
106th-Brigade-of-Boats,Южный военный округ,False,Южный военный округ.106-та бригада човнів
The-11th-Separate-Coast-Rocket-Artillery-Brigade,Южный военный округ,False,Южный военный округ.11-та окрема берегова ракетно-артилерійська бригада
The-11th-Separate-Guards-Engineering-Brigade,Южный военный округ,Yes,Южный военный округ.11-та окрема гвардійська інженерна бригада
11th-separate-rocket-artillery-brigade,Южный военный округ,False,Южный военный округ.11-та окрема ракетно-артилерійська бригада
1270th-Separate-Center,Южный военный округ,False,Южный военный округ.1270-й окремий центр РЄБ
133-day-MTO-brigade,Южный военный округ,False,Южный военный округ.133-тя бригада МТО
15th-Separate-Coast-Missile-Brigade,Южный военный округ,False,Южный военный округ.15-та окрема берегова ракетна бригада
The-16th-Brigade-of-Army-Aviation,Южный военный округ,False,Южный военный округ.16-та бригада армійської авіації
175th-Management-Brigade,Южный военный округ,Yes,Южный военный округ.175-та бригада управління
176th-communication-brigade,Южный военный округ,Yes,Южный военный округ.176-та бригада зв'язку
177th-Regiment-of-Marines,Южный военный округ,Yes,Южный военный округ.177-й полк морської піхоти
184th-Water-District-Protection-Brigade,Южный военный округ,Yes,Южный военный округ.184-та бригада охорони водного району
19-and-a-separate-brigade-of-the-Replace,Южный военный округ,Yes,Южный военный округ.19та окрема бригада рєб
214th-Center-of-Management,Южный военный округ,Yes,Южный военный округ.214-й центр управління
22th-separate-Guards-Brigade-of-Special-Purpose,Южный военный округ,Yes,Южный военный округ.22-га окрема гвардійська бригада спеціального призначення
30th-Separate-Mixed-Aviation-Regiment,Южный военный округ,Yes,Южный военный округ.30-й окремий змішаний авіаційний полк
318th-Separate-Airline-Regiment,Южный военный округ,False,Южный военный округ.318-й окремий авіаціний полк
3624-and-aviation-base,Южный военный округ,False,Южный военный округ.3624-та авіаційна база
3661--sh-Aviation-Base,Южный военный округ,False,Южный военный округ.3661-ша авіаційна база
37-Separate-railway-brigade,Южный военный округ,False,Южный военный округ.37-ма окрема залізнична бригада
39th-separate-railway-brigade,Южный военный округ,False,Южный военный округ.39-та окрема залізнична бригада
4th-Brigade-of-Submarines,Южный военный округ,Yes,Южный военный округ.4-та бригада підводних човнів
41st-Brigade-of-rocket-boats,Южный военный округ,Yes,Южный военный округ.41-ша бригада ракетних катерів
43th-Separate-Marine-Storm-Aviation-Regiment,Южный военный округ,Yes,Южный военный округ.43-тій окремий морський штурмовий авіаційний полк
439th-Guards-Reactive-Artillery-Brigade,Южный военный округ,False,Южный военный округ.439-та гвардійська реактивна артилерійська бригада
487th-separate-helicopter-regiment,Южный военный округ,Yes,Южный военный округ.487-й окремий вертолітний полк
5307th-warehouse,Южный военный округ,False,Южный военный округ.5307-й склад РАВ
54th-Center-for-Intelligence-Training,Южный военный округ,Yes,Южный военный округ.54-й центр підготовки розвідувальних підрозділів
55th-separate-helicopter-regiment,Южный военный округ,False,Южный военный округ.55-й окремий вертольотний полк
68th-Separate-Marine-Engineering-Regiment,Южный военный округ,False,Южный военный округ.68-й окремий морський інженерний полк
The-68th-Brigade-of-the-Boats-of-the-Guard,Южный военный округ,False,Южный военный округ.68-ма бригада човнів охорони
73-Guards-Brigade-of-Boats-Security,Южный военный округ,False,Южный военный округ.73-тя гвардійська бригада човнів охорони
744th-Center,Южный военный округ,False,Южный военный округ.744-й центр зв'язку
77th-anti-aircraft-missile-brigade,Южный военный округ,False,Южный военный округ.77-ма зенітна ракетна бригада
78-Separate-MTO-Brigade,Южный военный округ,False,Южный военный округ.78-ма окрема бригада МТО
8th-Brigade-of-RCB-protection,Южный военный округ,False,Южный военный округ.8-ма бригада РХБ захисту
810-Security-Guards-Brigade-of-Marines,Южный военный округ,Yes,Южный военный округ.810-окрема гвардійська бригада морської піхоти
9th-Brigade-of-Boats-Security,Южный военный округ,False,Южный военный округ.9-та бригада човнів забезпечення
99th-Separate-MTO-Brigade,Южный военный округ,False,Южный военный округ.99-та окрема бригада МТО
Management-of-the-4th-Army-of-Air-Force-and-Air-Defense,Южный военный округ,False,Южный военный округ.Управління 4-ї армії ВВС та ППО
